product_id,name,price,image,seller,link,fast_delivery
61961360,"자바라 실리콘 붓꽂이 수채화 물감통
도매꾹판매가 5,810원 (1개 이상 구매) 바로가기",,https://cdn1.domeggook.com/upload/item/2025/11/14/1763095532F4F093B827B8ED97C1C993/1763095532F4F093B827B8ED97C1C993_img_330?hash=4259482f1f5159855c3e95ffa8db6dec,,https://domemedb.domeggook.com/index/item/itemView.php?itemNo=61961360,True
61960479,"물광미러 브라이트닝 민낯 틴트 누드톤 단팥 로즈 학생 저가 틴트 도매
도매꾹판매가 1,480원 (15개 이상 구매) 바로가기",,https://cdn1.domeggook.com/upload/item/2025/11/14/17630925230CA01FCEA500453B8B35AC/17630925230CA01FCEA500453B8B35AC_img_330?hash=d0c4bdefbe14a932f26df69614b82832,,https://domemedb.domeggook.com/index/item/itemView.php?itemNo=61960479,True
61960473,"물결무늬 거울 휴대용 화장 손거울 학생 접이식 수정거울 가정용 침실 욕실 화장거울
도매꾹판매가 1,750원 (15개 이상 구매) 바로가기",,https://cdn1.domeggook.com/upload/item/2025/11/14/1763092519F941A3382D5F9A26A27AB4/1763092519F941A3382D5F9A26A27AB4_img_330?hash=537790d2f3a8c0be95cd87c8459867d7,,https://domemedb.domeggook.com/index/item/itemView.php?itemNo=61960473,True
61959435,"물놀이용 투명 PVC 배낭
도매꾹판매가 23,300원 (1개 이상 구매) 바로가기",,https://cdn1.domeggook.com/upload/item/2025/11/14/1763090736D2945153CFC3D6D20342F1/1763090736D2945153CFC3D6D20342F1_img_330?hash=794af23014d7a646e6d33daa680e21bf,,https://domemedb.domeggook.com/index/item/itemView.php?itemNo=61959435,True
61959436,"물놀이용 투명 PVC 배낭그레이
도매꾹판매가 23,300원 (1개 이상 구매) 바로가기",,https://cdn1.domeggook.com/upload/item/2025/11/14/17630907362D661E6A8188C156ABECE5/17630907362D661E6A8188C156ABECE5_img_330?hash=299991d67f8aec56c62e66aabc548849,,https://domemedb.domeggook.com/index/item/itemView.php?itemNo=61959436,True
61959437,"물놀이용 투명 PVC 배낭블랙
도매꾹판매가 23,300원 (1개 이상 구매) 바로가기",,https://cdn1.domeggook.com/upload/item/2025/11/14/17630907371F1FCBCD1BA6970EEE5111/17630907371F1FCBCD1BA6970EEE5111_img_330?hash=299991d67f8aec56c62e66aabc548849,,https://domemedb.domeggook.com/index/item/itemView.php?itemNo=61959437,True
61959438,"물놀이용 투명 PVC 배낭핑크
도매꾹판매가 23,300원 (1개 이상 구매) 바로가기",,https://cdn1.domeggook.com/upload/item/2025/11/14/1763090737A2800DDF840EF3D7D1A17E/1763090737A2800DDF840EF3D7D1A17E_img_330?hash=8598d388c81eab6f41d08b8a9796b9db,,https://domemedb.domeggook.com/index/item/itemView.php?itemNo=61959438,True
61959411,"감성 원목 원목 물컵
도매꾹판매가 6,900원 (1개 이상 구매) 바로가기",,https://cdn1.domeggook.com/upload/item/2025/11/14/1763090725D8C412330CB2E543D24900/1763090725D8C412330CB2E543D24900_img_330?hash=09d2ef117c88f83bd671ae33436a6f82,,https://domemedb.domeggook.com/index/item/itemView.php?itemNo=61959411,True
61959379,"일본직수입 수채화 컬러 브러시(오렌지)
도매꾹판매가 10,800원 (1개 이상 구매) 바로가기",,https://cdn1.domeggook.com/upload/item/2025/11/14/1763090711683B4ECED196DF138F7C19/1763090711683B4ECED196DF138F7C19_img_330?hash=e7b60c1209cc3bdce24c35327a632e6a,,https://domemedb.domeggook.com/index/item/itemView.php?itemNo=61959379,True
61959380,"일본직수입 수채화 컬러 브러시(올리브그린)
도매꾹판매가 10,800원 (1개 이상 구매) 바로가기",,https://cdn1.domeggook.com/upload/item/2025/11/14/1763090712F0D1CB3E9C5CA1B28046CE/1763090712F0D1CB3E9C5CA1B28046CE_img_330?hash=e7b60c1209cc3bdce24c35327a632e6a,,https://domemedb.domeggook.com/index/item/itemView.php?itemNo=61959380,True
61959381,"일본직수입 수채화 컬러 브러시(핑크)
도매꾹판매가 10,800원 (1개 이상 구매) 바로가기",,https://cdn1.domeggook.com/upload/item/2025/11/14/1763090712E93330FF37EEE6B84D80DB/1763090712E93330FF37EEE6B84D80DB_img_330?hash=b3177e02061b4b25782b72b00f19b5c5,,https://domemedb.domeggook.com/index/item/itemView.php?itemNo=61959381,True
61959376,"일본직수입 수채화 컬러 브러시(살구색)
도매꾹판매가 10,800원 (1개 이상 구매) 바로가기",,https://cdn1.domeggook.com/upload/item/2025/11/14/1763090710994876BD3BC6D9DCE5BA63/1763090710994876BD3BC6D9DCE5BA63_img_330?hash=a72b4a5c20836d25e93a9c9e62084578,,https://domemedb.domeggook.com/index/item/itemView.php?itemNo=61959376,True
61959377,"일본직수입 수채화 컬러 브러시(스카이블루)
도매꾹판매가 10,800원 (1개 이상 구매) 바로가기",,https://cdn1.domeggook.com/upload/item/2025/11/14/17630907106A803A23D872ECA9D93F1C/17630907106A803A23D872ECA9D93F1C_img_330?hash=c73961b34a57b138554ffb6c6bffadfa,,https://domemedb.domeggook.com/index/item/itemView.php?itemNo=61959377,True
61959378,"일본직수입 수채화 컬러 브러시(옐로우)
도매꾹판매가 10,800원 (1개 이상 구매) 바로가기",,https://cdn1.domeggook.com/upload/item/2025/11/14/17630907111F2C4A222460760D671CC3/17630907111F2C4A222460760D671CC3_img_330?hash=c73961b34a57b138554ffb6c6bffadfa,,https://domemedb.domeggook.com/index/item/itemView.php?itemNo=61959378,True
61959373,"일본직수입 수채화 컬러 브러시(브라운)
도매꾹판매가 10,800원 (1개 이상 구매) 바로가기",,https://cdn1.domeggook.com/upload/item/2025/11/14/17630907082123E9435E6188237DC34B/17630907082123E9435E6188237DC34B_img_330?hash=2d55ddddfe7216847613ce7fca69850a,,https://domemedb.domeggook.com/index/item/itemView.php?itemNo=61959373,True
61959374,"일본직수입 수채화 컬러 브러시(블랙)
도매꾹판매가 10,800원 (1개 이상 구매) 바로가기",,https://cdn1.domeggook.com/upload/item/2025/11/14/1763090709526CF450FDC7B10DB94390/1763090709526CF450FDC7B10DB94390_img_330?hash=2d55ddddfe7216847613ce7fca69850a,,https://domemedb.domeggook.com/index/item/itemView.php?itemNo=61959374,True
61959375,"일본직수입 수채화 컬러 브러시(블루)
도매꾹판매가 10,800원 (1개 이상 구매) 바로가기",,https://cdn1.domeggook.com/upload/item/2025/11/14/1763090709B13F5A27ACD6FBDBA96F54/1763090709B13F5A27ACD6FBDBA96F54_img_330?hash=a72b4a5c20836d25e93a9c9e62084578,,https://domemedb.domeggook.com/index/item/itemView.php?itemNo=61959375,True
61959371,"일본직수입 수채화 컬러 브러시(라이트그린)
도매꾹판매가 10,800원 (1개 이상 구매) 바로가기",,https://cdn1.domeggook.com/upload/item/2025/11/14/1763090707D46738B627FD63AC8F758E/1763090707D46738B627FD63AC8F758E_img_330?hash=a4fb23b64520cc62528bb93f85be7dec,,https://domemedb.domeggook.com/index/item/itemView.php?itemNo=61959371,True
61959372,"일본직수입 수채화 컬러 브러시(레드)
도매꾹판매가 10,800원 (1개 이상 구매) 바로가기",,https://cdn1.domeggook.com/upload/item/2025/11/14/1763090708DC33E8AB6670A1CE6D2C74/1763090708DC33E8AB6670A1CE6D2C74_img_330?hash=a4fb23b64520cc62528bb93f85be7dec,,https://domemedb.domeggook.com/index/item/itemView.php?itemNo=61959372,True
61959370,"일본직수입 수채화 컬러 브러시(그린)
도매꾹판매가 10,800원 (1개 이상 구매) 바로가기",,https://cdn1.domeggook.com/upload/item/2025/11/14/1763090707811639B1C5122BBFEBDC78/1763090707811639B1C5122BBFEBDC78_img_330?hash=d014c550e16fea79e80ec61f278b788c,,https://domemedb.domeggook.com/index/item/itemView.php?itemNo=61959370,True
