fast_delivery,grade,image,link,name,price,price_value,product_id,seller,source
True,,https://cdn1.domeggook.com/upload/item/2025/11/18/1763443280F593838239E48FB17BF89E/1763443280F593838239E48FB17BF89E_img_330?hash=39061d7529fce49d7b097f63efff2d5b,https://domemedb.domeggook.com/index/item/itemView.php?itemNo=62022850,"레디백 핑크 시나모롤 홀리데이 초등학생캐리어 기내캐리어 아기여행가방 아기캐리어 여행가방 캐리어
도매꾹판매가 52,800원 (1개 이상 구매) 바로가기","52,800원",52800,62022850,,domeggook
True,,https://cdn1.domeggook.com/upload/item/2025/11/18/1763443287D4A282ECEA97769A08E287/1763443287D4A282ECEA97769A08E287_img_330?hash=6f95e52085c403b4220cfe9ae7cd62cc,https://domemedb.domeggook.com/index/item/itemView.php?itemNo=62022864,"252 수납파우치 접이식 여행용 정리 ELG 보조파우치 수납가방세트 여행파우치 캐리어이너백 캐리
도매꾹판매가 14,800원 (1개 이상 구매) 바로가기","14,800원",14800,62022864,,domeggook
True,,https://cdn1.domeggook.com/upload/item/2025/11/18/17634436294A33692DE5A610F6AB6D19/17634436294A33692DE5A610F6AB6D19_img_330?hash=40eb10d1fc52b0e524a41e75921f24ce,https://domemedb.domeggook.com/index/item/itemView.php?itemNo=62023582,"그로밋 캐리어 세트 지우개 월레스와 12EA 캐릭터지우개 캐릭터학용품 팬시 초등학생학용품 초등학
도매꾹판매가 54,500원 (1개 이상 구매) 바로가기","54,500원",54500,62023582,,domeggook
True,,https://cdn1.domeggook.com/upload/item/2025/11/18/17634373400179A75B6D3FBAE2B47FA3/17634373400179A75B6D3FBAE2B47FA3_img_330?hash=631580f41a0ff3912f3fbffc04e0cbb7,https://domemedb.domeggook.com/index/item/itemView.php?itemNo=62020950,"[은준a] 대용량 백팩 해외여행 캠핑 기내용 가방 대형 배낭 80L
도매꾹판매가 27,500원 (1개 이상 구매) 바로가기","27,500원",27500,62020950,,domeggook
True,,https://cdn1.domeggook.com/upload/item/2025/11/18/1763434238D6AC68346D975F0BA5FA1F/1763434238D6AC68346D975F0BA5FA1F_img_330?hash=4ca0a27e0e69c1070d69a55202d53d8b,https://domemedb.domeggook.com/index/item/itemView.php?itemNo=62020283,"텀블러 텀블러 316 스텐 대용량 도매 아웃도어 캐리어 스트링 물병 선물 도매
도매꾹판매가 4,870원 (10개 이상 구매) 바로가기","14,870원",14870,62020283,,domeggook
True,,https://cdn1.domeggook.com/upload/item/2025/11/18/176343166199CDEDF96D73C8E9E0D97E/176343166199CDEDF96D73C8E9E0D97E_img_330?hash=d0a1eb00e1970159ce389d6160b11153,https://domemedb.domeggook.com/index/item/itemView.php?itemNo=62019503,"대용량 백팩 여행 캐리어 캠핑 백패킹 배낭 출장 노트북 출장 대형 가방
도매꾹판매가 32,200원 (1개 이상 구매) 바로가기","32,200원",32200,62019503,,domeggook
True,,https://cdn1.domeggook.com/upload/item/2025/11/18/176342866016A72F01ACA94E403FA96F/176342866016A72F01ACA94E403FA96F_img_330?hash=11342a3abaaac8ebb76befb09a66445d,https://domemedb.domeggook.com/index/item/itemView.php?itemNo=62018331,"대용량 백팩 80L 캠핑 등산 차박 백패킹 여행 출장 캐리어 노트북 기내용 배낭 가방
도매꾹판매가 22,410원 (2개 이상 구매) 바로가기","24,650원",24650,62018331,,domeggook
